,text,sentiment,score,emojis
0,K√∂sz√∂nj√ºk!,pos,0.948316,":clap:, :thumbsup:, :smile:, :blush:, :raised_hands:, :relaxed:, :pray:, :joy:, :grin:, :facepunch:"
1,Good,pos,0.9313952,":expressionless:, :angry:, :no_good:, :neutral_face:, :rage:, :unamused:, :triumph:, :confused:, :hand:, :persevere:"
2,"This is the longest two hours video i have ever watched. Like, my pc stays on for 3 days, this very own youtube tab kept open, while i use those breaks to get some nap and 2 8-hours sleep.",neg,0.99854916,":gun:, :angry:, :broken_heart:, :rage:, :expressionless:, :neutral_face:, :disappointed:, :cry:, :sweat:, :thumbsup:"
3,"love the intro, i hope i benefit",pos,0.97403234,":thumbsup:, :smile:, :clap:, :heart_eyes:, :blush:, :heart:, :sparkling_heart:, :yellow_heart:, :purple_heart:, :relaxed:"
4,"I know we just met, but I love you",pos,0.99507695,":thumbsup:, :rage:, :angry:, :pray:, :confused:, :neutral_face:, :cry:, :confounded:, :disappointed:, :persevere:"
5,Amazing!!!!!,pos,0.9994692,":thumbsup:, :ok_hand:, :relaxed:, :blush:, :relieved:, :smile:, :expressionless:, :facepunch:, :v:, :sunglasses:"
6,"He reminds me of 'call saul' from 'Breaking Bad'. BTW, really admiring you way of teaching.",pos,0.9912015,":smile:, :stuck_out_tongue_winking_eye:, :thumbsup:, :sparkles:, :relaxed:, :blush:, :clap:, :yum:, :wink:, :heartbeat:"
7,Lost it all when python and node came in! I wish PHP would have been used in this tutorial.,neg,0.9999465,":two_hearts:, :heart_eyes:, :relieved:, :heart:, :blue_heart:, :relaxed:, :sparkling_heart:, :yellow_heart:, :raised_hands:, :purple_heart:"
8,fun and informative video of all time!,pos,0.99952185,":clap:, :thumbsup:, :ok_hand:, :unamused:, :expressionless:, :neutral_face:, :sweat_smile:, :facepunch:, :joy:, :angry:"
9,wao what a hilarious Introduction ü§£ü§£üòÇüòÇ,pos,0.99946266,":clap:, :thumbsup:, :smile:, :rage:, :raised_hands:, :angry:, :grimacing:, :stuck_out_tongue_winking_eye:, :wink:, :blush:"
10,I recently followed this video and now Twilio and postman needs you to add MessagingServiceSid in the send message block. So please check it and make sure you add the key and value otherwise it will not get sent.,pos,0.8421603,":eyes:, :skull:, :flushed:, :neutral_face:, :confused:, :joy:, :sweat_smile:, :smile:, :see_no_evil:, :expressionless:"
11,"i hear abstraction so often but can never understand what it means practically. what is abstraction, kindly explain in simple practical terms. Thanks in advance.",pos,0.9961572,":heartbeat:, :yellow_heart:, :blue_heart:, :heart:, :purple_heart:, :pray:, :two_hearts:, :clap:, :sparkles:, :sparkling_heart:"
12,https://www.youtube.com/watch?v=gFzRnQSH06U&t=129s,pos,0.99411535,":muscle:, :sweat_smile:, :gun:, :sweat:, :pray:, :facepunch:, :sleepy:, :thumbsup:, :grimacing:, :sparkles:"
13,"I liked very much the part about postman and the introduction before that, The first time I saw a video about  postman I had a headache and never looked at it again, until you pleasantly explained it in simple terms.",pos,0.9873029,":clap:, :smile:, :thumbsup:, :blush:, :raised_hands:, :relaxed:, :heart:, :yellow_heart:, :heart_eyes:, :sparkles:"
14,Best video on APIs on the web,pos,0.9996778,":confused:, :neutral_face:, :sweat:, :flushed:, :sweat_smile:, :persevere:, :expressionless:, :confounded:, :grimacing:, :disappointed:"
15,Wonderful  vedio,pos,0.9928597,":thumbsup:, :smile:, :sunglasses:, :heartbeat:, :v:, :blush:, :blue_heart:, :clap:, :facepunch:, :muscle:"
16,Jason Cammisa for IT,pos,0.99106807,":triumph:, :sleepy:, :unamused:, :expressionless:, :angry:, :sweat:, :rage:, :pensive:, :sleeping:, :disappointed:"
17,What an insufferable leftist. The fake cheerfulness was killing me.,neg,0.9997769,":heartbeat:, :yum:, :heart_eyes:, :yellow_heart:, :heart:, :blue_heart:, :ok_hand:, :clap:, :purple_heart:, :raised_hands:"
18,Bla bla bla...,neg,0.99983203,":wink:, :v:, :smile:, :blush:, :thumbsup:, :sunglasses:, :eyes:, :sparkles:, :stuck_out_tongue_winking_eye:, :relaxed:"
19,Glitch website still glitching?,neg,0.99929655,":raised_hands:, :clap:, :pray:, :heart_eyes:, :sob:, :smile:, :thumbsup:, :joy:, :blue_heart:, :cry:"
20,This is brilliant!,pos,0.99960786,":heartbeat:, :v:, :yellow_heart:, :clap:, :thumbsup:, :wink:, :relaxed:, :pray:, :smile:, :kissing_heart:"
21,"sir i am from india  ,big fan.",pos,0.99373394,":heart_eyes:, :raised_hands:, :relieved:, :notes:, :blue_heart:, :clap:, :heart:, :relaxed:, :yellow_heart:, :sparkling_heart:"
22,"Rest is ancient technology, GraphQL is the future until that too becomes ancient technology",neg,0.90877986,":confused:, :neutral_face:, :rage:, :expressionless:, :angry:, :persevere:, :grimacing:, :confounded:, :flushed:, :disappointed:"
23,I was thinking when chetan bhagat start teaching coding??,neg,0.99903023,":thumbsup:, :smile:, :stuck_out_tongue_winking_eye:, :wink:, :yellow_heart:, :blush:, :heartbeat:, :clap:, :heart:, :grimacing:"
24,"I didn‚Äôt pay much attention to what he said, but I fall in love with him",pos,0.98902136,":thumbsup:, :clap:, :muscle:, :blush:, :smile:, :wink:, :ok_hand:, :facepunch:, :relaxed:, :sunglasses:"
25,oauth ruined it,neg,0.9989496,":thumbsup:, :ok_hand:, :clap:, :relieved:, :blush:, :relaxed:, :smirk:, :yum:, :smiling_imp:, :sweat_smile:"
26,"CAN SOMEONE PLEASE HELP ME WITH THIS PROBLEM: WARNING: You are using pip version 22.0.4; however, version 22.1 is available. You should consider upgrading via the  -m pip install --upgrade pip' command.",neg,0.9996921,":relieved:, :clap:, :ok_hand:, :muscle:, :100:, :thumbsup:, :blush:, :raised_hands:, :relaxed:, :gun:"
27,Mr Craig Dennis is hell of an instructor. Loving the class. Do you have other classes? Would love to dig out.,pos,0.9960759,":relieved:, :clap:, :ok_hand:, :muscle:, :100:, :thumbsup:, :blush:, :raised_hands:, :relaxed:, :gun:"
28,"man said sussed out, I love this guy",pos,0.99950874,":pray:, :thumbsup:, :clap:, :raised_hands:, :blush:, :wink:, :smile:, :relaxed:, :facepunch:, :ok_hand:"
29,i had no intentions of learning this soon but 2mins into the video and i couldn't leave ...thanks,neg,0.99514705,":facepunch:, :muscle:, :blue_heart:, :smiling_imp:, :angry:, :rage:, :gun:, :clap:, :triumph:, :thumbsup:"
30,Get the notes and code for this course here: https://github.com/craigsdennis/intro-to-apis-course/blob/master/course-notes.md,neg,0.8956984,":heartbeat:, :v:, :gun:, :yellow_heart:, :muscle:, :hand:, :musical_note:, :broken_heart:, :speak_no_evil:, :cry:"
31,WoW what an amazing video! Thank you Craig!,pos,0.9986916,":sweat_smile:, :grimacing:, :see_no_evil:, :confounded:, :persevere:, :flushed:, :sweat:, :neutral_face:, :cry:, :expressionless:"
32,"Awesome explanation and practical demo! Though it would be nice to carry a demo with an artist that is a little more on a healthy side, that takes up a little less space on the screen...",pos,0.9992066,":thumbsup:, :facepunch:, :clap:, :pray:, :v:, :blush:, :smile:, :wink:, :relaxed:, :muscle:"
33,This is the best course ever!!!,pos,0.9991646,":heart_eyes:, :clap:, :raised_hands:, :sob:, :ok_hand:, :heart:, :see_no_evil:, :yellow_heart:, :two_hearts:, :purple_heart:"
34,"Dude, Sense of humor is 10/10. I literally smiled ;) Thanks for KTP- knowledge transfer protocol. :)",pos,0.9907205,":expressionless:, :neutral_face:, :sweat_smile:, :unamused:, :flushed:, :grimacing:, :angry:, :gun:, :rage:, :see_no_evil:"
35,Thanks Craig. I learnt sooo much. U r God sent üôèüèΩüôèüèΩüôèüèΩ,pos,0.7464488,":rage:, :thumbsup:, :angry:, :wink:, :stuck_out_tongue_winking_eye:, :smile:, :triumph:, :confused:, :smiling_imp:, :neutral_face:"
36,"1:25:58 somebody please help with the virtual environnment in Windows, it does not accept the command.",neg,0.9998839,":thumbsup:, :clap:, :muscle:, :smile:, :blush:, :relaxed:, :raised_hands:, :facepunch:, :ok_hand:, :purple_heart:"
37,I laughed so hard at 18.56ü§£ü§£,neg,0.9559343,":musical_note:, :notes:, :smirk:, :sunglasses:, :ok_hand:, :smiling_imp:, :relieved:, :yum:, :stuck_out_tongue_winking_eye:, :thumbsup:"
38,"I am confused with the Twlio segment. Wnen I past the code into the terminal, I don't get a code but I get ""[redacted]"" and when I press enter into the terminal, I don't get a text message...",neg,0.99999547,":rage:, :angry:, :confused:, :thumbsup:, :triumph:, :neutral_face:, :expressionless:, :smile:, :disappointed:, :grimacing:"
39,They really cracked how to make an informative and fun video about a daunting topic!,pos,0.99974173,":heartbeat:, :yellow_heart:, :thumbsup:, :heart:, :relaxed:, :smile:, :ok_hand:, :purple_heart:, :blush:, :two_hearts:"
40,Amazing teacher..,pos,0.98559606,":clap:, :heart_eyes:, :heartbeat:, :yellow_heart:, :blue_heart:, :heart:, :raised_hands:, :ok_hand:, :notes:, :musical_note:"
41,Am I the only one who noticed that he had a Tile on the back of his remote? ü§£,neg,0.9999788,":wink:, :thumbsup:, :smile:, :blush:, :relaxed:, :stuck_out_tongue_winking_eye:, :clap:, :grin:, :smirk:, :ok_hand:"
42,Anyone else having zero knowledge about IT and then got an understanding about what is API after seeing  this video ?,neg,0.9999491,":cry:, :disappointed:, :persevere:, :pensive:, :sweat:, :angry:, :rage:, :confused:, :sleepy:, :tired_face:"
43,"I choo choo choose to watch this course just   for the pun lines. JK!

I want to be like Craig Dennis when I Grow up lol üòÇüòÇüòÇüòÇ",pos,0.941272,":thumbsup:, :smile:, :clap:, :joy:, :ok_hand:, :blush:, :grin:, :raised_hands:, :stuck_out_tongue_winking_eye:, :relaxed:"
44,"""Thank you for being inclusive. Inclusivity matters."" -Craig

Agreed! Really great and fun video. I'll be back for more.",pos,0.9949532,":clap:, :joy:, :thumbsup:, :smile:, :ok_hand:, :see_no_evil:, :facepunch:, :speak_no_evil:, :stuck_out_tongue_winking_eye:, :muscle:"
45,"This is just fantastic!!  APIs were so opaque to me.  Now I get it.  A lot clearer. And this is coming from someone who barely knows a line of code.  

Having said that, is there a crash course I can do that teaches me the bare basics of python needed to access APIs without having to learn the stuff that I won't use ‚Äì if I'm just interested in accessing APIs?

Thanks again. :)",pos,0.99854714,":flushed:, :pray:, :grimacing:, :thumbsup:, :grin:, :smile:, :heart_eyes:, :wink:, :sweat_smile:, :see_no_evil:"
46,I completed the whole video and i absolutely loved it!!! thank you so much Craig for making it so much fun!!!!!!,pos,0.9983583,":thumbsup:, :clap:, :heartbeat:, :yellow_heart:, :heart:, :smile:, :angry:, :rage:, :relaxed:, :blush:"
47,"I just took a position at work and just started using APIs, this was write on time.  ""B.I.G"" shout out for the Hip Hop reference.",neg,0.78168947,":see_no_evil:, :gun:, :grimacing:, :sweat_smile:, :stuck_out_tongue_winking_eye:, :smile:, :thumbsup:, :speak_no_evil:, :grin:, :no_good:"
48,"Hey, thanks for the tip in 0:35:45",pos,0.9149073,":pray:, :weary:, :tired_face:, :eyes:, :sweat_smile:, :sob:, :grin:, :grimacing:, :information_desk_person:, :confused:"
49,"Great tutorial, Big Poppa! üòÇ",pos,0.99730194,":confused:, :rage:, :angry:, :disappointed:, :cry:, :neutral_face:, :sweat:, :persevere:, :pensive:, :expressionless:"
50,Today I learned that I was only taught about WEB API's and I thought that was what all API's were... so excited to get through this video!,pos,0.9998036,":pray:, :thumbsup:, :clap:, :raised_hands:, :smile:, :wink:, :facepunch:, :blush:, :muscle:, :relaxed:"
51,"Dissapointed that twilio doesn't work for my country, even you could say about it that there are countries that could test API twoards twilio.",neg,0.9999838,":pray:, :sparkles:, :broken_heart:, :persevere:, :pensive:, :disappointed:, :confounded:, :cry:, :sweat:, :confused:"
52,Great sense of humor!!! Subbed,pos,0.9976949,":joy:, :sob:, :clap:, :smile:, :skull:, :sweat_smile:, :thumbsup:, :speak_no_evil:, :blue_heart:, :heart:"
53,"When was thie video made?  The Spotify website changed and the layout is different.  Spotify seems to only have the ""Get"" request in the search API.  Can someone point me to the site that has the ""Request"" version of the API?",neg,0.9999945,":confused:, :neutral_face:, :persevere:, :confounded:, :disappointed:, :sweat:, :grimacing:, :sweat_smile:, :expressionless:, :cry:"
54,great tutorial for beginners,pos,0.9878209,":joy:, :expressionless:, :rage:, :skull:, :angry:, :flushed:, :triumph:, :sob:, :neutral_face:, :unamused:"
55,"Please keep a constant level of volume and pronunciation. You drop off in volume and intelligibility at the end of each sentence, which makes it difficult to understand. If I am the ""only one"" to have pointed it out, it means that I am one of the few who watched long enough, and I am one of the few who actually wanted to understand you ... and, I have higher standards.",neg,0.99980503,":angry:, :rage:, :triumph:, :unamused:, :expressionless:, :neutral_face:, :mask:, :tired_face:, :sleepy:, :pensive:"
56,https://youtu.be/EBOq1xr0ieo,neg,0.5478433,":rage:, :angry:, :thumbsup:, :grimacing:, :confused:, :neutral_face:, :pray:, :wink:, :expressionless:, :confounded:"
57,"This guy is so annoying. He knows his stuff and I need the information, and it's well-organized -- however his personality is so weird that I have to constantly rewind because his ""theater"" is so distracting from the information flow.  It absorbs 80% of my brain power just to cancel out the noise of his cringe mannerisms. His ""performance"" is like he's talking to 6 year old children, and he obviously thinks he's cute and entertaining. Hint: you're insulting the intelligence of your audience and I'd think even children would recognize this as b.s. ... Free Code Camp: just know that a rock star is somebody who can focus on delivering the goods, not somebody who thinks he is a Disney princess. You have a lot of great teachers but not this guy; he needs an education about the real world and to unplug from Sesame Street.. Craig: Here's one of many good examples of how to teach purely and simply, just delivering the information without injecting personality quirks. It's by an actual woman, not a guy pretending to be a woman or trying to ingratiate himself with women. Learn from her please.
https://www.youtube.com/watch?v=t8pPdKYpowI",neg,0.9999839,":thumbsup:, :sunglasses:, :smile:, :wink:, :blush:, :blue_heart:, :stuck_out_tongue_winking_eye:, :ok_hand:, :v:, :grin:"
58,P!,neg,0.96177727,":joy:, :heart_eyes:, :sob:, :weary:, :heart:, :clap:, :relieved:, :blue_heart:, :raised_hands:, :skull:"
59,It is an amazing video. It contains valuable and useful information. It motivates me. Thank you for this nice video,pos,0.9866094,":expressionless:, :rage:, :sweat_smile:, :unamused:, :angry:, :neutral_face:, :gun:, :sob:, :disappointed:, :broken_heart:"
60,"I <3 Craig, I've been learning from this dude since TeamTreehouse days, I'd love to see more awesome content from him!!",pos,0.99962556,":heartbeat:, :yellow_heart:, :heart:, :purple_heart:, :blue_heart:, :broken_heart:, :notes:, :cry:, :sparkling_heart:, :heart_eyes:"
61,thanks to the name above ‚òùÔ∏è‚òùÔ∏èüëÜüëÜ who help me with my credit card am really grateful üíØüíØ,pos,0.9945314,":neutral_face:, :confused:, :expressionless:, :see_no_evil:, :flushed:, :eyes:, :joy:, :mask:, :angry:, :wink:"
62,"Penyebab apis mati semasa kerja pelayan restoran, mati di bunuh negro diupah, di makan haiwan kena bisa haiwan",pos,0.9825523,":heartbeat:, :yellow_heart:, :heart_eyes:, :clap:, :heart:, :musical_note:, :ok_hand:, :raised_hands:, :thumbsup:, :broken_heart:"
63,"I love this video ! I'm trying to learn frameworks (spring boot specifically) and a video like this one would be amazing, but I can't find any that explain everything top to bottom for beginners.
For instance, there are api, dao, model and service. What is each of them ? What is the job of each ? What's the hierarchy between them ? I'm a complete beginner who has to learn this asap and a course like this one would be amazing !",pos,0.99996495,":relieved:, :clap:, :ok_hand:, :muscle:, :100:, :thumbsup:, :blush:, :raised_hands:, :relaxed:, :gun:"
64,"Afraid you about to say ""Puppy feet"" ""Puppy feet"" or something cheesy like that.",neg,0.99932146,":musical_note:, :notes:, :ok_hand:, :thumbsup:, :clap:, :muscle:, :raised_hands:, :sunglasses:, :relieved:, :v:"
65,"Possibly the best video course fCC has to offer: the presenter is articulate, the writing is thorough, the jokes are amusing w/o being self indulgent, and the frequent breaks are phenomenal.",pos,0.99856263,":clap:, :thumbsup:, :smile:, :ok_hand:, :raised_hands:, :joy:, :stuck_out_tongue_winking_eye:, :grin:, :wink:, :sunglasses:"
66,cha cha cha!,pos,0.9998222,":persevere:, :disappointed:, :confused:, :confounded:, :pensive:, :cry:, :sweat:, :grimacing:, :tired_face:, :see_no_evil:"
67,36:30 casually drops a Biggie reference lol,neg,0.8932015,":heartbeat:, :yellow_heart:, :broken_heart:, :thumbsup:, :cry:, :heart:, :disappointed:, :smile:, :v:, :blue_heart:"
68,Need to import humor too ;),neg,0.876364,":clap:, :raised_hands:, :100:, :ok_hand:, :joy:, :thumbsup:, :smiling_imp:, :muscle:, :eyes:, :heart_eyes:"
69,"Does anyone know if there's a way to automate an API request? So for example, every hour (or every time some trigger happens), an API request gets executed?",neg,0.99813074,":smile:, :stuck_out_tongue_winking_eye:, :wink:, :thumbsup:, :sunglasses:, :clap:, :relaxed:, :muscle:, :grin:, :v:"
70,"not subscribing or engaging with ads. go woke, go broke (non-binary inclusivity is a positive?) keep the virtue signaling out of tech. soon enough you morons will insist that 1s and 0s can identify as others.",neg,0.99987984,":clap:, :heartbeat:, :notes:, :sparkles:, :musical_note:, :heart_eyes:, :yellow_heart:, :thumbsup:, :blue_heart:, :heart:"
71,"i adore the way this course is delivered, this goes to show how complex topics can be had fun with and also consumed in a healthy way. Awesome job !",pos,0.9997807,":clap:, :muscle:, :musical_note:, :raised_hands:, :ok_hand:, :facepunch:, :smiling_imp:, :thumbsup:, :heart_eyes:, :notes:"
72,i like it picasso,pos,0.9992816,":gun:, :mask:, :confounded:, :skull:, :broken_heart:, :persevere:, :joy:, :cry:, :sob:, :tired_face:"
73,"Great information and I 've learned a lot, thanks! The first two-thirds gave are good and give very clear information but then for handson Craig insists on using a service called Twilio (he works there  üôÅ) and I had to jump through so many hoops to get it running fully faultless I gave up on that, also for being pointless and a waste of time. He should have continued working with Spotify he used in the first part as this was already open anyway.",neg,0.99996877,":sleepy:, :angry:, :sweat:, :expressionless:, :sleeping:, :facepunch:, :unamused:, :notes:, :gun:, :rage:"
74,"Not me yelling 'P' in my house..... love this guy, made my day of strugle with API lot easier :D",pos,0.9989458,":angry:, :rage:, :expressionless:, :confused:, :triumph:, :neutral_face:, :unamused:, :eyes:, :flushed:, :sleepy:"
75,You are awesome!,pos,0.9983531,":thumbsup:, :sparkles:, :clap:, :smile:, :heartbeat:, :ok_hand:, :yellow_heart:, :blush:, :wink:, :raised_hands:"
76,Lizzo smh,neg,0.96343297,":facepunch:, :angry:, :notes:, :wink:, :rage:, :clap:, :gun:, :musical_note:, :smirk:, :hand:"
77,Microservices &  APIs,pos,0.9992748,":sweat_smile:, :sunglasses:, :stuck_out_tongue_winking_eye:, :musical_note:, :v:, :gun:, :notes:, :information_desk_person:, :ok_hand:, :grin:"
78,"Hi, I'm making some videos about Shopify API. You can watch for more overview. https://www.youtube.com/watch?v=oZ6SoqOwuXY",neg,0.6129294,":heartbeat:, :thumbsup:, :stuck_out_tongue_winking_eye:, :ok_hand:, :facepunch:, :v:, :yellow_heart:, :smirk:, :grimacing:, :grin:"
79,"Man, I was looking for a video like this for a long time.... finally found it üíØüî•üíì",pos,0.9772723,":confused:, :neutral_face:, :grimacing:, :rage:, :gun:, :eyes:, :angry:, :sweat:, :expressionless:, :persevere:"
80,In Hindi video herehttps://youtu.be/Ew1yV07ZMXU,neg,0.99067944,":thumbsup:, :gun:, :smile:, :sweat_smile:, :ok_hand:, :clap:, :expressionless:, :facepunch:, :sunglasses:, :grin:"
81,That's what a teacher should be like. Loving it already,pos,0.9933077,":pray:, :sparkling_heart:, :blush:, :sparkles:, :kissing_heart:, :relaxed:, :two_hearts:, :purple_heart:, :yellow_heart:, :heart:"
82,"are you big poppa? ""popa"" in russian means ""ass""",neg,0.9995073,":pray:, :cry:, :persevere:, :disappointed:, :confounded:, :sweat:, :tired_face:, :grimacing:, :sob:, :pensive:"
83,Well guess what I'm the only one here who doesn't understand b'cus I'm not a developer ü§∑üèæ‚Äç‚ôÇÔ∏è,neg,0.9923902,":joy:, :skull:, :sweat_smile:, :sob:, :see_no_evil:, :smile:, :mask:, :weary:, :speak_no_evil:, :flushed:"
84,"fantastic course and tutorial, i am so happy i came across this, thank you so much",pos,0.98394495,":thumbsup:, :clap:, :facepunch:, :muscle:, :raised_hands:, :blue_heart:, :ok_hand:, :smile:, :heart:, :sunglasses:"
85,55:10,pos,0.9955245,":sparkles:, :heartbeat:, :blue_heart:, :two_hearts:, :purple_heart:, :yellow_heart:, :sparkling_heart:, :pray:, :heart:, :smiling_imp:"
86,Easy to understand. Not afraid anymore,pos,0.9992316,":sparkles:, :heartbeat:, :blue_heart:, :two_hearts:, :purple_heart:, :yellow_heart:, :sparkling_heart:, :pray:, :heart:, :smiling_imp:"
87,You are a good communicator. Excellent work.,pos,0.9967169,":heartbeat:, :yellow_heart:, :sparkles:, :blue_heart:, :eyes:, :heart:, :smile:, :sunglasses:, :sparkling_heart:, :speak_no_evil:"
88,Could never get it to throw or catch the error b/c it wouldn't even attempt to send once I put 42 in there.,neg,0.9999659,":heartbeat:, :relaxed:, :yellow_heart:, :v:, :sparkles:, :thumbsup:, :heart:, :facepunch:, :smile:, :gun:"
89,"Boy the accolades. Personally I found the Twilio bit useless. I can't think of a reason I would need Twilio. The format and usability has changed. Never was able to get it to work from the command line. I tried both CURL and  Powershell. 
Then you go on and use it in your next presentation on Postman. Well that was not helpful. Now I've got an hour and 15 minutes invested and no returns. Bummed. I do wish you would have stuck with Spotify.",neg,0.999997,":no_good:, :persevere:, :neutral_face:, :confused:, :confounded:, :expressionless:, :notes:, :gun:, :sweat:, :cry:"
90,"1:58:49 ""Now if that all doesn't make sense just you await , it will. Try and let it all async in.""",pos,0.993163,":thumbsup:, :smile:, :ok_hand:, :clap:, :blush:, :grin:, :relaxed:, :wink:, :stuck_out_tongue_winking_eye:, :grimacing:"
91,"but how to send messages from twillio
it's asking to upgrade",neg,0.99723047,":pray:, :raised_hands:, :relaxed:, :blush:, :clap:, :relieved:, :kissing_heart:, :smile:, :heartbeat:, :heart:"
92,üá¨üáßStrongly recommending Mr.Edward Richardson for those who have had losses trading on their own,pos,0.9914689,":eyes:, :flushed:, :muscle:, :thumbsup:, :grimacing:, :speak_no_evil:, :see_no_evil:, :facepunch:, :smirk:, :mask:"
93,"Excellent video, not only because its valuable content but also because the way this guy exposes it. Well done üëç thank you very much",pos,0.999218,":flushed:, :expressionless:, :joy:, :skull:, :neutral_face:, :sob:, :angry:, :rage:, :sweat_smile:, :unamused:"
94,"Excellent video, not only because its valuable content but also because the way this guy exposes it. Well done üëç thank you very much",pos,0.999218,":thumbsup:, :clap:, :ok_hand:, :smile:, :relaxed:, :facepunch:, :blush:, :raised_hands:, :wink:, :sunglasses:"
95,Got introduced to REST API! #learnbydoing,pos,0.8074249,":heart:, :yellow_heart:, :blue_heart:, :purple_heart:, :heartbeat:, :smile:, :thumbsup:, :raised_hands:, :pray:, :clap:"
96,Thank you,pos,0.9189067,":pray:, :thumbsup:, :raised_hands:, :blush:, :clap:, :smile:, :heart:, :relaxed:, :yellow_heart:, :sparkling_heart:"
97,Man this dude's course is unbelievable. I've been in the software game for a long time. Seen a bunch of different course.  This one hits!!,pos,0.999736,":sleepy:, :cry:, :sweat:, :angry:, :triumph:, :persevere:, :expressionless:, :sweat_smile:, :rage:, :gun:"
98,"This tutorial is so beautiful, felt like we were having a warm one on one conversation",pos,0.99786395,":rage:, :angry:, :cry:, :heartbeat:, :yellow_heart:, :heart:, :pray:, :thumbsup:, :purple_heart:, :persevere:"
99,"hello guys im looking for the reviews , is this video outdated or not? is it worth to learn in 2022?",neg,0.9999734,":mask:, :confounded:, :grimacing:, :see_no_evil:, :persevere:, :neutral_face:, :flushed:, :speak_no_evil:, :confused:, :sweat_smile:"
100,Excellent video. Thank you for clarifying and making this process easy to understand,pos,0.9979048,":ok_hand:, :thumbsup:, :clap:, :gun:, :neutral_face:, :expressionless:, :unamused:, :sweat_smile:, :raised_hands:, :sunglasses:"
101,Thanks,pos,0.9708918,":heartbeat:, :relaxed:, :yellow_heart:, :kissing_heart:, :thumbsup:, :smile:, :heart:, :blush:, :pray:, :two_hearts:"
102,"Really good and clear tutorial. Well paced and explained. Just a note to a few people: when you get to the Twilio section, if your mobile number is based outside the US&Canada, the Twilio API will shift the MediaURL value into the BODY as plain text. It still gets sent by the API and received by the mobile device but is received as a link on the mobile device. Therefore the next stage when you try to GET the gif you have just sent will not work. Took me ages to work this out! 
* It would be really useful to add a flag / annotation to the video at this point so people outside North America do not think they have made a mistake and lose time / give up *",pos,0.9921009,":thumbsup:, :facepunch:, :muscle:, :clap:, :ok_hand:, :raised_hands:, :smile:, :heart:, :blush:, :blue_heart:"
103,"Great API Course! Excellent pace, content, and thoughtfulness.
(and 36:42 is exactly why I will not ever use Spotify -- not that I would need to with 1T of music on my Plex music server)",pos,0.9994149,":joy:, :thumbsup:, :sweat_smile:, :blush:, :ok_hand:, :relaxed:, :relieved:, :see_no_evil:, :smile:, :raised_hands:"
104,Thanks!,pos,0.9948431,":clap:, :heart:, :purple_heart:, :yellow_heart:, :thumbsup:, :blue_heart:, :sparkling_heart:, :two_hearts:, :heartbeat:, :smile:"
105,This was truly a great tutorial. Learned and most importantly retained a lot of what I learned. Thank you!,pos,0.9915098,":pray:, :persevere:, :confounded:, :sweat:, :tired_face:, :disappointed:, :cry:, :grimacing:, :sob:, :sweat_smile:"
106,Thanks a lot!!!,pos,0.993475,":angry:, :rage:, :expressionless:, :unamused:, :triumph:, :neutral_face:, :facepunch:, :confused:, :hand:, :sleeping:"
107,Pathetic content,neg,0.99996483,":blush:, :relaxed:, :smile:, :blue_heart:, :heart:, :sparkles:, :purple_heart:, :thumbsup:, :two_hearts:, :yellow_heart:"
108,"Fantastic video, its interesting all the way through at and it have a  great way of explaining everything!",pos,0.99950516,":sparkles:, :heartbeat:, :blue_heart:, :two_hearts:, :purple_heart:, :yellow_heart:, :sparkling_heart:, :pray:, :heart:, :smiling_imp:"
109,have anyone listened to Lizzo? üòÖ,pos,0.95514125,":sparkles:, :heartbeat:, :blue_heart:, :two_hearts:, :purple_heart:, :yellow_heart:, :sparkling_heart:, :pray:, :heart:, :smiling_imp:"
110,everyone has already said this but i have to. This teaching is impeccable.,pos,0.9952899,":heartbeat:, :yellow_heart:, :blue_heart:, :muscle:, :heart_eyes:, :clap:, :musical_note:, :heart:, :v:, :broken_heart:"
111,Thanks for timestamps __,pos,0.7130742,":notes:, :clap:, :thumbsup:, :muscle:, :raised_hands:, :musical_note:, :wink:, :smile:, :blue_heart:, :blush:"
112,Learned APIs along the way in this 2hrs standup show üíØ things like these inspire me to get going. Love the instructor,pos,0.9976185,":thumbsup:, :ok_hand:, :clap:, :raised_hands:, :sunglasses:, :relieved:, :smirk:, :smile:, :yum:, :information_desk_person:"
113,10 mins covered and I'm glad I met this video,pos,0.9813595,":heartbeat:, :yellow_heart:, :blue_heart:, :muscle:, :heart_eyes:, :clap:, :musical_note:, :heart:, :v:, :broken_heart:"
114,"This video is amazing, thank you so much for all the hard work put into making it... Btw, loved the cat clip!",pos,0.99896157,":thumbsup:, :smile:, :clap:, :wink:, :stuck_out_tongue_winking_eye:, :blush:, :facepunch:, :sunglasses:, :ok_hand:, :raised_hands:"
115,I seriously enjoy your teaching method and I am just 10 minutes into this lesson...Awesome,pos,0.9949338,":rage:, :angry:, :thumbsup:, :confused:, :triumph:, :pray:, :neutral_face:, :expressionless:, :grimacing:, :blush:"
116,"can somepne link the actual creation for api video mentioned in the beginning of the course?
thankyou",pos,0.63342035,":heartbeat:, :v:, :gun:, :yellow_heart:, :muscle:, :hand:, :musical_note:, :broken_heart:, :speak_no_evil:, :cry:"
117,"Watching a video 2yrs later so I am really stuck,the website looks a lot different,tried googling how to go about it and it made it.

Please I need some help",neg,0.99860793,":angry:, :rage:, :expressionless:, :neutral_face:, :confounded:, :confused:, :persevere:, :grimacing:, :unamused:, :triumph:"
118,Lol this guy is so engaging,pos,0.99903786,":heartbeat:, :yellow_heart:, :facepunch:, :rage:, :broken_heart:, :purple_heart:, :heart:, :blue_heart:, :angry:, :v:"
119,"‚ÄúWhy not take a cat nap‚Äù

I‚Äôm on 12:48 of the video, very first break. YOU ROCK, CRAIG! What a great job you have done. Thank you so much, mate!",pos,0.99903107,":thumbsup:, :blush:, :relaxed:, :clap:, :yellow_heart:, :heart:, :sparkling_heart:, :heartbeat:, :sparkles:, :pray:"
120,"Whoa, this exists? Holy cow; I hope this business makes a ton of bank because it looks like stuff you can pay thousands for at bootcamps and universities...",neg,0.9670776,":blush:, :pray:, :relaxed:, :raised_hands:, :thumbsup:, :heart:, :sparkles:, :smile:, :clap:, :purple_heart:"
121,"Thank you very much Craig. I tried to send you a compliment through Glitch, but your number was not verified :)",pos,0.91766953,":unamused:, :expressionless:, :angry:, :rage:, :thumbsup:, :facepunch:, :triumph:, :disappointed:, :neutral_face:, :persevere:"
122,"The dancing package joke made me want to videogame myself, otherwise great course tho!",neg,0.8734141,":sleeping:, :angry:, :unamused:, :relieved:, :triumph:, :expressionless:, :rage:, :sleepy:, :sweat_smile:, :hand:"
123,Can I get a gift card with cash on it,pos,0.90785784,":thumbsup:, :clap:, :smile:, :blush:, :ok_hand:, :relaxed:, :sparkles:, :grin:, :raised_hands:, :heart:"
124,"Obviously 1mil+ views can't be wrong but unfortunately, I gave up 30minutes in. The keyboard shortcuts were hard to follow but I managed. The killer though, the steps you use for authenticating via Postman into the API no longer exist in current versions of Postman and, being a beginner, I simply don't know what to do. Then the method you used to set environment variables no longer exists (environment variables do exist but have changed.) Unfortunately, you don't really explain what you are doing as much as just ""do this."" When I can't do this due to GUI changes in Postman, I am stuck. I found myself floundering so much I am giving up and moving to a more current version of Postman/API training.",neg,0.99997306,":musical_note:, :notes:, :eyes:, :pray:, :smile:, :grin:, :blue_heart:, :stuck_out_tongue_winking_eye:, :grimacing:, :purple_heart:"
125,"gracias, saludos de Peru",pos,0.9981121,":no_good:, :grimacing:, :sweat_smile:, :neutral_face:, :v:, :thumbsup:, :confounded:, :confused:, :expressionless:, :mask:"
126,You are greatest teacher ever I seen,pos,0.9970599,":confused:, :rage:, :angry:, :neutral_face:, :persevere:, :disappointed:, :grimacing:, :confounded:, :expressionless:, :sweat:"
127,"Just install Python. Suuure. But Python2 is default on my system since it comes with Macs, so even though I installed Python3 it uses python2 as default? And now I'm thoroughly confused after using dr google to try and figure ""what to do"" vs ""what NOT to do"" during a python install.",neg,0.9999385,":clap:, :thumbsup:, :muscle:, :facepunch:, :smile:, :blue_heart:, :blush:, :relaxed:, :raised_hands:, :pray:"
128,"Here I am, employed as a developer, watching a video that purports to be for beginners, and it's a great video so far. One of the things I love about approaches like this is that, especially for developers like me who just picked up some crap over time and am doing stuff with it, there are lots of fundamentals that slip through those autodidactic cracks. For instance, I know what ""statelessness"" means generally, but then at around 23:30 Craig explains not only clearly but completely enough for the context--with no extraneous details.

Nice work.",pos,0.9999049,":thumbsup:, :100:, :confused:, :blue_heart:, :clap:, :cry:, :raised_hands:, :facepunch:, :pensive:, :pray:"
129,You are a good teacher. I like this video more than other videos that are on YT! Keep up the good work !,pos,0.9915182,":angry:, :rage:, :triumph:, :unamused:, :expressionless:, :confounded:, :neutral_face:, :persevere:, :no_good:, :facepunch:"
130,The instructor is very funny and he has put in a lot of effort to make this topic as interesting as possible. Thank you!,pos,0.9983487,":heartbeat:, :yellow_heart:, :blue_heart:, :muscle:, :heart_eyes:, :clap:, :musical_note:, :heart:, :v:, :broken_heart:"
131,What are your Prettier extension settings? VS Code keeps trying to put everything back on a single line.,neg,0.9987123,":pray:, :see_no_evil:, :flushed:, :skull:, :joy:, :sweat:, :heart_eyes:, :speak_no_evil:, :sweat_smile:, :sob:"
132,"14:47 En la Nube is totally not Latin. It would be ""in n≈´be.""",neg,0.9891248,":rage:, :confused:, :angry:, :neutral_face:, :stuck_out_tongue_winking_eye:, :grimacing:, :triumph:, :disappointed:, :persevere:, :expressionless:"
133,5 mins into this video and I‚Äôm smitten  ü•∞. I love his teaching style. Brilliant!,pos,0.9996778,":raised_hands:, :pray:, :heart:, :yellow_heart:, :purple_heart:, :clap:, :sparkling_heart:, :blue_heart:, :smile:, :two_hearts:"
134,"This video surfaced in my google search results at least 100 times. I regrettably avoided it. Instead, I attempted to build and secure a network of API's with authentication layers. I basically spent a week doing nothing. Ten minutes in and for the first time in a week, my heart rate is normal I am not actively contemplating the benefits of destroying my computer. Thank you sir.",neg,0.99996924,":thumbsup:, :yellow_heart:, :heartbeat:, :smile:, :sunglasses:, :heart:, :blue_heart:, :blush:, :relaxed:, :purple_heart:"
135,Got hung up with NPM. Terminal won't let me update my own laptop to the newest version of npm. This is not the first time it's happened. Npm is currently installed on usr/local/lib. How to get it installed on .npm-packages?,neg,0.86935425,":smile:, :see_no_evil:, :grin:, :grimacing:, :sweat_smile:, :thumbsup:, :clap:, :flushed:, :raised_hands:, :speak_no_evil:"
136,I used to have this exact same shirt. It was pretty thin material and eventually ripped.,neg,0.99992156,":disappointed:, :cry:, :confused:, :pensive:, :angry:, :persevere:, :sweat:, :rage:, :broken_heart:, :sleepy:"
137,"Hello Sir(Craig Sir). This video is a gem for students and learners... Thanks a lot.... Do you have any personal youtube channel?? I couldn't found one.. please share if any
Thanks",pos,0.98774207,":thumbsup:, :clap:, :smile:, :ok_hand:, :blush:, :raised_hands:, :relaxed:, :stuck_out_tongue_winking_eye:, :wink:, :expressionless:"
138,"This video is amazing, thanks",pos,0.99819034,":confused:, :neutral_face:, :rage:, :expressionless:, :angry:, :eyes:, :unamused:, :triumph:, :grimacing:, :disappointed:"
139,"Very nicely done! Keeping it interesting. @12 mins into the video.
At 30 mins, sudden switch to tech lingo and browsing developer section.",pos,0.9994423,":clap:, :thumbsup:, :ok_hand:, :raised_hands:, :smile:, :muscle:, :relaxed:, :blush:, :sparkles:, :relieved:"
140,·û¢·ûö·ûÇ·ûª·ûé,neg,0.76148427,":thumbsup:, :clap:, :blush:, :pray:, :relaxed:, :raised_hands:, :smile:, :ok_hand:, :sparkles:, :heartbeat:"
141,9:01 Where do I find this overview page?,pos,0.9612884,":kissing_heart:, :thumbsup:, :relaxed:, :information_desk_person:, :blush:, :wink:, :ok_hand:, :unamused:, :relieved:, :heartbeat:"
142,"do you fancy creating a video about exploiting booking's API with R ?
:D",neg,0.9993957,":rage:, :angry:, :thumbsup:, :confused:, :cry:, :disappointed:, :grimacing:, :triumph:, :neutral_face:, :persevere:"
143,is the whole video out of focus?,neg,0.9996086,":notes:, :musical_note:, :thumbsup:, :heartbeat:, :clap:, :rage:, :smile:, :angry:, :sunglasses:, :wink:"
144,You are the best. May I know your YouTube channel. :yt:,pos,0.98856676,":blush:, :relaxed:, :smile:, :thumbsup:, :grin:, :kissing_heart:, :wink:, :heartbeat:, :ok_hand:, :v:"
145,Ahoy,neg,0.7534506,":blush:, :relaxed:, :smile:, :thumbsup:, :grin:, :kissing_heart:, :wink:, :heartbeat:, :ok_hand:, :v:"
146,In la nube,pos,0.75466406,":thumbsup:, :clap:, :ok_hand:, :raised_hands:, :heart:, :yellow_heart:, :heartbeat:, :smile:, :heart_eyes:, :notes:"
147,you speaking speed,pos,0.98113054,":heart_eyes:, :musical_note:, :see_no_evil:, :notes:, :grimacing:, :flushed:, :grin:, :weary:, :speak_no_evil:, :sweat_smile:"
148,"For twilio changed the dashboard interface, Is there any new video with fresh information?",neg,0.999762,":thumbsup:, :clap:, :ok_hand:, :smile:, :gun:, :raised_hands:, :expressionless:, :blush:, :relaxed:, :unamused:"
149,"57:45 Feb 3, 2022. No twisty on the ""message log"", so it doesn't show the description like it did back then. Have to hit the Documentation sidebar on the right, and it doesn't make a hypertext link like it did in the video.",neg,0.99900347,":sparkles:, :heartbeat:, :blue_heart:, :two_hearts:, :purple_heart:, :yellow_heart:, :sparkling_heart:, :pray:, :heart:, :smiling_imp:"
150,Why won't my Mac terminal allow me to go back to the previous line to change 'Body=Ahoy'?? It stops at -u. So frustrating that something so seemingly simple doesn't work like it feels like it should.,neg,0.99994314,":clap:, :facepunch:, :rage:, :angry:, :muscle:, :thumbsup:, :v:, :heartbeat:, :gun:, :ok_hand:"
151,My watching mark : Video 5 - How the web works (0:17:04),pos,0.9998976,":thumbsup:, :ok_hand:, :clap:, :relieved:, :blush:, :relaxed:, :smirk:, :yum:, :smiling_imp:, :sweat_smile:"
152,This guy seems too nice to be teaching me anything. I need more leather and more pain.,pos,0.9922631,":expressionless:, :sleeping:, :neutral_face:, :angry:, :unamused:, :gun:, :persevere:, :rage:, :flushed:, :sweat:"
153,"This guy keeps me locked in! Amazing video, thank you.",pos,0.99955374,":pray:, :grimacing:, :musical_note:, :grin:, :notes:, :relieved:, :relaxed:, :sweat_smile:, :see_no_evil:, :ok_hand:"
154,How do we access the terminal on windows? is it the cmd exe? im currently on the twilio API portion and cant seem to get it working with cmd when i copy paste it,neg,0.99998784,":notes:, :musical_note:, :two_hearts:, :yellow_heart:, :heartbeat:, :heart:, :purple_heart:, :blue_heart:, :sparkling_heart:, :kissing_heart:"
155,aaaa,pos,0.6929486,":clap:, :smile:, :thumbsup:, :joy:, :ok_hand:, :grin:, :raised_hands:, :see_no_evil:, :facepunch:, :blush:"
156,"""inclusivity matters"".. oh lord",neg,0.9748069,":pray:, :v:, :thumbsup:, :relaxed:, :sunglasses:, :smile:, :hand:, :blush:, :raised_hands:, :heartbeat:"
157,"Since YT got rid of the so helpful like-dislike bar, I started to leave my likes/dislikes for everybody visible directly in my comments , so here it is üëé.

Too histrionic, too many facial expressions, too many gestures, too much intonation, the voice sometimes sounds downright nagging. Less would really be more. Have you ever watched that yourself? I wonder why someone thinks that with so much artificially exaggerated (aka exalted) behaviour he conveys knowledge better, that people would listen to him better and, above all, follow him better than if he looked and talked naturally and didn't gesticulate wildly and sometimes distort his mouth into the grotesque when speaking. You are far too exuberant, over-enthusiastic about what you yourself love to do. I got it, you love it. But more objectivity and naturalness in your appearance would be more beneficial to, well, to the object and not distract from it with an excessive amount of ... showmanship, not to use another term. I found it so outlandish, even cringy, that I couldn't even make it past the first minute. I couldn't watch or listen to it any longer than that. Imagine.",neg,0.9999963,":smiling_imp:, :wink:, :sparkles:, :stuck_out_tongue_winking_eye:, :sunglasses:, :thumbsup:, :v:, :eyes:, :notes:, :100:"
158,Absolute life saver! Thank you so much for making this video!,pos,0.9996202,":flushed:, :confused:, :eyes:, :sweat_smile:, :joy:, :neutral_face:, :grimacing:, :smile:, :sweat:, :cry:"
159,You‚Äôre an awesome teacher!!! Thank you! This was so helpful :),pos,0.99455005,":yellow_heart:, :heart:, :heart_eyes:, :notes:, :musical_note:, :heartbeat:, :two_hearts:, :blue_heart:, :relieved:, :speak_no_evil:"
160,TeamTreeHouse,pos,0.98940265,":angry:, :rage:, :triumph:, :persevere:, :confounded:, :cry:, :disappointed:, :sweat:, :tired_face:, :expressionless:"
161,"You are a genius, you helped me do my work...!",pos,0.99760276,":thumbsup:, :eyes:, :sparkles:, :sunglasses:, :smile:, :flushed:, :heart_eyes:, :grimacing:, :sweat_smile:, :grin:"
162,Why pay for school when you can get your education for free. Damn this is good,pos,0.75331795,":persevere:, :confounded:, :sweat:, :cry:, :disappointed:, :tired_face:, :pensive:, :sleepy:, :neutral_face:, :confused:"
163,Niiiiiiiice,neg,0.74559706,":thumbsup:, :clap:, :raised_hands:, :smile:, :blush:, :relaxed:, :heart_eyes:, :ok_hand:, :heart:, :pray:"
164,"Terrific writing, delivery, and production!
Even if I didn't find the subject interesting, I'm sure I'd still be invested in the course!
Craig, you were brilliant!",pos,0.9996697,":rage:, :angry:, :confused:, :cry:, :persevere:, :disappointed:, :sweat:, :confounded:, :neutral_face:, :triumph:"
165,"This is the first tutorial that I‚Äôm watching which doesn‚Äôt make me bored üòÇ His approach is brilliant, keeps it entertaining whilst learning!",pos,0.9995511,":rage:, :angry:, :thumbsup:, :triumph:, :expressionless:, :cry:, :persevere:, :confounded:, :neutral_face:, :confused:"
166,Thank you,pos,0.9189067,":purple_heart:, :sparkling_heart:, :heart:, :blue_heart:, :two_hearts:, :yellow_heart:, :sparkles:, :kissing_heart:, :relaxed:, :clap:"
167,looks like big poopa is into big mooma,neg,0.9983292,":thumbsup:, :clap:, :sunglasses:, :raised_hands:, :ok_hand:, :expressionless:, :smile:, :v:, :wink:, :neutral_face:"
168,"My mom when I asked to verify her number on twilio: ""YOU TRYING TO HACK ME!?!!""",neg,0.9999745,":yellow_heart:, :heartbeat:, :relaxed:, :thumbsup:, :heart:, :blue_heart:, :wink:, :v:, :pray:, :blush:"
169,"professional video the quality is excellent, explication excellent, body language of instructor excellent, he kill the boredom of self learning , really it must be a good idol for teachers on youtube",pos,0.9955309,":clap:, :muscle:, :thumbsup:, :blue_heart:, :raised_hands:, :smile:, :facepunch:, :sunglasses:, :ok_hand:, :heart:"
170,"lol, outstanding delivery!",pos,0.9986279,":muscle:, :thumbsup:, :sleeping:, :raised_hands:, :smile:, :pray:, :sunglasses:, :facepunch:, :v:, :grin:"
171,"I want to like the video, but afraid of ruining the magic number...",neg,0.99923253,":pray:, :raised_hands:, :relaxed:, :blush:, :clap:, :relieved:, :kissing_heart:, :smile:, :heartbeat:, :heart:"
172,"I like your spirit. Sadly Twilio is not for free in Germany.
I got a lot from the first 20 minutes :)",pos,0.9989242,":rage:, :angry:, :flushed:, :triumph:, :facepunch:, :grimacing:, :thumbsup:, :expressionless:, :confounded:, :muscle:"
173,This video is a must for every dev out there!,pos,0.9997105,":heart_eyes:, :relieved:, :relaxed:, :blush:, :two_hearts:, :raised_hands:, :sparkles:, :sob:, :ok_hand:, :heart:"
174,"Sir,is this useful in mulesoft course and as mulesoft developer?
I'm pursuing mulesoft career!",pos,0.90116674,":blush:, :smile:, :relaxed:, :sweat_smile:, :grin:, :eyes:, :grimacing:, :wink:, :sparkles:, :sweat:"
175,https://www.youtube.com/watch?v=lIUhZ2qr6-s,pos,0.99443334,":heartbeat:, :thumbsup:, :relaxed:, :smile:, :blush:, :yellow_heart:, :clap:, :two_hearts:, :kissing_heart:, :blue_heart:"
176,"I learned so much about APIs through this video, how would I go about pulling information from an API and post data to a website. Such as realtime analytics",pos,0.9311584,":rage:, :angry:, :triumph:, :expressionless:, :cry:, :confused:, :neutral_face:, :disappointed:, :sweat:, :persevere:"
177,"‚§¥Ô∏è‚§¥Ô∏è‚§¥Ô∏è Thanks to the name above this comment for his trustworthy dealings.. Your spamming tutorial goes well as you say it, say less you deserve more accolades. Thanks bro",pos,0.9889191,":rage:, :angry:, :confused:, :thumbsup:, :stuck_out_tongue_winking_eye:, :wink:, :smile:, :grimacing:, :cry:, :neutral_face:"
178,this video is amazing,pos,0.99837613,":thumbsup:, :smile:, :clap:, :blush:, :wink:, :relaxed:, :facepunch:, :raised_hands:, :grin:, :heart:"
179,Thank you Bob Odenkirk for an amazing lecture.. oh wait sorry my bad I meant Craig Dennis..,neg,0.9098221,":thumbsup:, :clap:, :smile:, :blush:, :raised_hands:, :relaxed:, :grin:, :sparkles:, :sunglasses:, :ok_hand:"
180,Curious: what animation software was used in the video?,neg,0.997769,":gun:, :thumbsup:, :muscle:, :grimacing:, :sunglasses:, :information_desk_person:, :v:, :smile:, :grin:, :facepunch:"
181,7:38,pos,0.9787828,":clap:, :smile:, :thumbsup:, :blush:, :raised_hands:, :heart:, :blue_heart:, :relaxed:, :yellow_heart:, :pray:"
182,at 37:00 cross walk captcha solving guide,pos,0.55141807,":thumbsup:, :smile:, :wink:, :blush:, :clap:, :stuck_out_tongue_winking_eye:, :grimacing:, :grin:, :relaxed:, :confused:"
183,I love when someone is full of knowledge and enthusiasm for sharing it; this video is so great!,pos,0.99870527,":heart_eyes:, :information_desk_person:, :raised_hands:, :smile:, :blue_heart:, :heart:, :clap:, :purple_heart:, :thumbsup:, :ok_hand:"
184,I still don't know how to define api and what is the difference between http and api ?,neg,0.99955326,":heartbeat:, :yellow_heart:, :thumbsup:, :heart:, :smile:, :v:, :relaxed:, :purple_heart:, :stuck_out_tongue_winking_eye:, :sparkles:"
185,Craig Dennis is a legendary teacher. What an accurate and precise explanation. I felt like I'm learning in person with him.,pos,0.99973863,":yum:, :musical_note:, :heart_eyes:, :heartbeat:, :ok_hand:, :notes:, :smiling_imp:, :yellow_heart:, :sunglasses:, :raised_hands:"
186,"Just going to leave this comment here for Windows 10 users.. (03/18/2022)

READ the GitHub course notes for Twilio section! You need to setup/tweak a environment for yourself to send a text message to yourself. Twilio at the moment won't let you ""show"" your Auth Token so you'll have to go into your account information to dig it out. 

If you had issues like I did just using the curl command, you might be running into Execution Policy issue. I ended up changing it from Restricted to ByPass to get it to work correctly.

Next, get rid of the ""\"" at the end of the code. If you are working in a PowerShell and sending that code, it'll just pop up resolve host errors. 

Happy programming peeps!",neg,0.9966484,":v:, :musical_note:, :sunglasses:, :heartbeat:, :notes:, :muscle:, :relieved:, :ok_hand:, :yellow_heart:, :stuck_out_tongue_winking_eye:"
187,"I am not able to run the curl code and javascript code please help me..
The  JS code ran by itself i don't know what was wrong with it.",neg,0.9999845,":eyes:, :smirk:, :musical_note:, :clap:, :skull:, :notes:, :smiling_imp:, :flushed:, :ok_hand:, :speak_no_evil:"
188,"One of the best courses I've ever watched. Very informative and well structured, but also entertaining!
Thank you for sharing this with us!",pos,0.9981477,":eyes:, :confused:, :smile:, :wink:, :grimacing:, :stuck_out_tongue_winking_eye:, :neutral_face:, :thumbsup:, :flushed:, :blush:"
189,"Awesome video! But I am a total beginner and got stuck in video 5 üò¨ I have no coding skills, but want to focus on learning APIs. Can anyone suggest video tutorials for what I need to learn to understand what's going on in video 5? (Am on Windows, not Mac, BTW)",pos,0.99366003,":rage:, :angry:, :confused:, :neutral_face:, :expressionless:, :disappointed:, :triumph:, :cry:, :grimacing:, :confounded:"
190,I really like how enthusiastic the tone of voice is. A very engaging show host. More tech or boring topics should be presented like this to make it friendlier for people who aren't familiar with these topics,pos,0.99632627,":clap:, :heartbeat:, :thumbsup:, :heart_eyes:, :raised_hands:, :yellow_heart:, :smile:, :ok_hand:, :relaxed:, :heart:"
191,1. Request,pos,0.59674346,":flushed:, :neutral_face:, :confused:, :joy:, :eyes:, :expressionless:, :see_no_evil:, :sweat_smile:, :grimacing:, :speak_no_evil:"
192,"This was super helpful! I'm using an API for my first coding project for my lab...not my area of expertise. We're importing data from a raspberry pi into a google drive so we can track drought, and this seemed like the easiest way to do that!",pos,0.96728903,":neutral_face:, :confused:, :eyes:, :sweat_smile:, :expressionless:, :see_no_evil:, :flushed:, :grimacing:, :mask:, :joy:"
193,"I'm testing Twilio with a UK number but it kept showing me error 'A 'To' phone number is required.', is it because the trial account doesn't support UK number? In the settings I only have US and Ireland two regions available :(",neg,0.9999856,":stuck_out_tongue_winking_eye:, :smile:, :wink:, :sweat_smile:, :grin:, :joy:, :sunglasses:, :thumbsup:, :information_desk_person:, :speak_no_evil:"
194,"8:10 - API provides ""Abstraction of implementation""",pos,0.98955345,":thumbsup:, :smile:, :blush:, :wink:, :relaxed:, :heart:, :yellow_heart:, :clap:, :v:, :purple_heart:"
195,Is that a GUARIA MORADA? I'm from Costa Rica and is our National Flower!!!!   ‚ô•‚ô•‚ô•,pos,0.9998497,":thumbsup:, :rage:, :blush:, :pray:, :angry:, :confused:, :relaxed:, :disappointed:, :smile:, :cry:"
196,Good,pos,0.9313952,":thumbsup:, :blush:, :relaxed:, :smile:, :wink:, :v:, :heartbeat:, :yellow_heart:, :pray:, :grin:"
197,Enjoying the course!  It looks like Spotify‚Äôs web console isn‚Äôt a thing anymore.  I just get a page that says ‚ÄúConsole‚Äù with no place to input anything and no curl code window.  Anyone know of a workaround or how to get at the console?,neg,0.999027,":heartbeat:, :v:, :gun:, :yellow_heart:, :muscle:, :hand:, :musical_note:, :broken_heart:, :speak_no_evil:, :cry:"
198,"This video is awesome!
like have you seen how finely it is directed, got no words i think it is the best video on the youtue so far in learning!",pos,0.99944514,":neutral_face:, :confounded:, :expressionless:, :persevere:, :confused:, :angry:, :rage:, :unamused:, :sweat:, :flushed:"
199,"I am trying to follow along and at 1:16:12, I am not able to use the terminal in code to get the twilio. I am doing npm install twilio. and I get a big error telling me npm is not recognized.",neg,0.9999809,":thumbsup:, :ok_hand:, :clap:, :raised_hands:, :heart_eyes:, :joy:, :sob:, :eyes:, :skull:, :sunglasses:"
200,Awesome video thankyou.,pos,0.99715245,":notes:, :sparkles:, :pray:, :heartbeat:, :musical_note:, :purple_heart:, :raised_hands:, :heart:, :blue_heart:, :yellow_heart:"
201,"How can we add a number counter to a website which is not ours , example a news website where covid cases are 1200 , I want it change to 1201, 1202 , 1203 changing like this",neg,0.99413896,":expressionless:, :neutral_face:, :confused:, :joy:, :sweat_smile:, :weary:, :eyes:, :sob:, :unamused:, :skull:"
202,"Here for the puns - good course (personally took a lot longer than the c. 2.5hrs of the vid excluding breaks). 
Struggled initially with getting a terminal - found that I needed Git Bash (might be useful to someone new to coding).
Re Python, struggled to get it to acknowledge that I had a version so I repaired my install but was unable to activate a venv (virtual environment), this wasn't too much of an issue as I was still able to follow along with everything else.
Good overview of APIs, great range of resources to demonstrate its use.


Gonna take a rest now...",pos,0.994101,":thumbsup:, :clap:, :smiling_imp:, :rage:, :angry:, :muscle:, :cry:, :pray:, :facepunch:, :broken_heart:"
203,What a great guy! What a great course! Thanks for that!,pos,0.99845755,":clap:, :thumbsup:, :facepunch:, :blush:, :ok_hand:, :muscle:, :smile:, :raised_hands:, :relaxed:, :yellow_heart:"
204,"Ive been slamming out books, videos, and trolling reddit for good coding resources for someone learning on thier own. This is fantastic. Your site is even better. Thanks so much for teaching me!",pos,0.98458904,":clap:, :thumbsup:, :facepunch:, :blush:, :ok_hand:, :muscle:, :smile:, :raised_hands:, :relaxed:, :yellow_heart:"
205,Thanks!,pos,0.9948431,":smile:, :sparkles:, :wink:, :sunglasses:, :stuck_out_tongue_winking_eye:, :eyes:, :blue_heart:, :heart_eyes:, :v:, :heart:"
206,Absalutly briliant man!!!! love the animations helps a lot. everything was just on point. Amazing.,pos,0.9944666,":thumbsup:, :ok_hand:, :clap:, :relieved:, :blush:, :relaxed:, :smirk:, :yum:, :smiling_imp:, :sweat_smile:"
207,I'm already obsessed with this channel,pos,0.99988747,":confused:, :rage:, :angry:, :wink:, :stuck_out_tongue_winking_eye:, :smile:, :grimacing:, :neutral_face:, :expressionless:, :disappointed:"
208,Great teacher,pos,0.9863712,":thumbsup:, :clap:, :smile:, :ok_hand:, :raised_hands:, :wink:, :blush:, :facepunch:, :stuck_out_tongue_winking_eye:, :grin:"
209,7:50,pos,0.9365082,":rage:, :angry:, :confused:, :persevere:, :disappointed:, :confounded:, :cry:, :triumph:, :expressionless:, :neutral_face:"
210,Try turning the brightness up a bit.,neg,0.93468803,":notes:, :muscle:, :facepunch:, :musical_note:, :heartbeat:, :cry:, :angry:, :clap:, :pray:, :sleepy:"
211,"Why am I getting the error ""Unexpected token 'data-urlencode' in expression or statement."" whenever I use curl in powershell? I might not be properly installing or using curl, but this is usually the first real error. (After a missing expression after unitary operator since it isn't recognizing the operator)",neg,0.9999821,":eyes:, :weary:, :tired_face:, :flushed:, :confused:, :neutral_face:, :sweat:, :persevere:, :sweat_smile:, :sob:"
212,"Great class.
Keep up the good work.

Thank You,
Natasha Samuel",pos,0.9870112,":heartbeat:, :yellow_heart:, :sparkles:, :heart:, :sparkling_heart:, :thumbsup:, :relaxed:, :purple_heart:, :blue_heart:, :smile:"
213,"Craig is the man. He was my favorite teacher on TeamTreehouse. Not sure if he got canned when everyone got laid off, but he definitely deserves better than that company.",pos,0.99819344,":eyes:, :flushed:, :confused:, :skull:, :neutral_face:, :sweat_smile:, :joy:, :persevere:, :weary:, :tired_face:"
214,This guy is too perky for me on a monday morning. Im just getting angry now.,neg,0.9772635,":heartbeat:, :yellow_heart:, :sparkles:, :blue_heart:, :heart:, :relaxed:, :purple_heart:, :two_hearts:, :thumbsup:, :smile:"
215,"I have a problem,  I have Key 'To' but the output always says that Phone number is required, but I'd already put my phone number. please help me aSAP",neg,0.7149074,":sparkles:, :heartbeat:, :blue_heart:, :two_hearts:, :purple_heart:, :yellow_heart:, :sparkling_heart:, :pray:, :heart:, :smiling_imp:"
216,"So annoying when these dweebs say ""she"" instead of ""he"" to show how progressive they are. How many women are writing code? But he's got to throw his politics into it.",neg,0.9998073,":relieved:, :ok_hand:, :v:, :facepunch:, :thumbsup:, :muscle:, :smirk:, :relaxed:, :100:, :wink:"
217,"amazing course, thank you so much. The content was great!",pos,0.97582895,":clap:, :thumbsup:, :ok_hand:, :muscle:, :facepunch:, :wink:, :v:, :notes:, :smile:, :blush:"
218,25:19,pos,0.99414647,":rage:, :angry:, :triumph:, :expressionless:, :unamused:, :no_good:, :neutral_face:, :gun:, :hand:, :facepunch:"
219,24:11,pos,0.99097145,":rage:, :angry:, :cry:, :disappointed:, :confused:, :persevere:, :triumph:, :confounded:, :expressionless:, :pensive:"
220,18:40,pos,0.9822343,":thumbsup:, :clap:, :angry:, :rage:, :smile:, :confused:, :neutral_face:, :100:, :wink:, :blush:"
221,17:21,pos,0.9950942,":eyes:, :sparkles:, :musical_note:, :smiling_imp:, :notes:, :heartbeat:, :relaxed:, :skull:, :raised_hands:, :sunglasses:"
222,1:07:32 how did you inserted emoji ? :O,neg,0.9997025,":smile:, :thumbsup:, :grimacing:, :stuck_out_tongue_winking_eye:, :grin:, :blush:, :sweat_smile:, :wink:, :sunglasses:, :flushed:"
223,3> tnx :),pos,0.92681354,":cry:, :rage:, :broken_heart:, :angry:, :disappointed:, :sweat:, :persevere:, :confounded:, :tired_face:, :confused:"
224,This is a great tutorial but I really could live without your music recommendations. Obese black singer is the last thing I need when thinking about APIs.,pos,0.68478346,":sparkles:, :heartbeat:, :blue_heart:, :yellow_heart:, :pray:, :heart:, :two_hearts:, :sparkling_heart:, :purple_heart:, :heart_eyes:"
225,I ‚ù£Ô∏è prrograming,neg,0.99906355,":rage:, :angry:, :confused:, :cry:, :expressionless:, :neutral_face:, :persevere:, :triumph:, :disappointed:, :confounded:"
226,"How can I use an API in C?
You spoke about Web APIs only",neg,0.85349214,":muscle:, :neutral_face:, :confounded:, :sweat_smile:, :flushed:, :confused:, :expressionless:, :persevere:, :grimacing:, :sweat:"
227,Sony,pos,0.9985581,":thumbsup:, :pray:, :blush:, :smile:, :cry:, :relaxed:, :wink:, :kissing_heart:, :v:, :clap:"
228,Learning,pos,0.99809915,":heartbeat:, :yellow_heart:, :heart_eyes:, :heart:, :clap:, :see_no_evil:, :two_hearts:, :relaxed:, :purple_heart:, :sparkling_heart:"
229,Learning by Crio,pos,0.9985663,":thumbsup:, :clap:, :wink:, :smile:, :sunglasses:, :stuck_out_tongue_winking_eye:, :ok_hand:, :blush:, :eyes:, :facepunch:"
230,good,pos,0.9313952,":heartbeat:, :sparkles:, :mask:, :v:, :yellow_heart:, :broken_heart:, :sparkling_heart:, :hand:, :facepunch:, :two_hearts:"
231,learning,pos,0.99809915,":thumbsup:, :ok_hand:, :smile:, :clap:, :smirk:, :heart_eyes:, :grin:, :sunglasses:, :stuck_out_tongue_winking_eye:, :blush:"
232,Learning,pos,0.99809915,":skull:, :joy:, :smirk:, :eyes:, :stuck_out_tongue_winking_eye:, :expressionless:, :neutral_face:, :sunglasses:, :sob:, :wink:"
233,Thank you Craig this is very useful course and big thank you for your detail explanation.,pos,0.96679574,":notes:, :angry:, :see_no_evil:, :gun:, :rage:, :information_desk_person:, :expressionless:, :flushed:, :stuck_out_tongue_winking_eye:, :no_good:"
234,Inclusivity DOES NOT MATTER! Its communists war against mankind!,neg,0.9894546,":smile:, :two_hearts:, :sparkling_heart:, :heart:, :yellow_heart:, :heartbeat:, :relaxed:, :blush:, :pray:, :kissing_heart:"
235,Just Awesome. Top-notch value content.,pos,0.99737,":confused:, :grimacing:, :persevere:, :neutral_face:, :sweat:, :see_no_evil:, :sweat_smile:, :confounded:, :tired_face:, :expressionless:"
236,You guys make learning so fun!)),pos,0.9996319,":thumbsup:, :clap:, :smile:, :blush:, :wink:, :stuck_out_tongue_winking_eye:, :information_desk_person:, :ok_hand:, :relaxed:, :grin:"
237,He makes this feel so do able,pos,0.99928516,":muscle:, :raised_hands:, :smile:, :thumbsup:, :sunglasses:, :clap:, :relaxed:, :ok_hand:, :grin:, :blush:"
238,Great explanation,pos,0.99098563,":thumbsup:, :clap:, :muscle:, :ok_hand:, :sweat_smile:, :expressionless:, :blush:, :smile:, :relieved:, :unamused:"
239,"Does he teach online or have his own courses/teaching platform? 
What an incredible educator! Explains concepts, techniques and functionalities thoroughly and in relative depth. I rarely have to rewind, even at 1.25 speed. AMAZING!",pos,0.99979824,":thumbsup:, :clap:, :blush:, :v:, :ok_hand:, :expressionless:, :hand:, :smile:, :angry:, :relaxed:"
240,I'm struggling with finding how to request a token since the web layout has changed. Does anyone know how to get it now in 2022?,neg,0.9998029,":clap:, :thumbsup:, :ok_hand:, :raised_hands:, :100:, :flushed:, :joy:, :smile:, :pray:, :neutral_face:"
241,so I can be more fun at weddings Cha Cha Cha. LOL that was great thanks for bringing all the personality to such an important topicüôå,pos,0.9858489,":rage:, :angry:, :confused:, :triumph:, :thumbsup:, :stuck_out_tongue_winking_eye:, :grimacing:, :wink:, :neutral_face:, :confounded:"
242,finished in avadi - 28/7/22,pos,0.989153,":confounded:, :persevere:, :sweat:, :rage:, :disappointed:, :tired_face:, :confused:, :cry:, :neutral_face:, :angry:"
243,Really great work,pos,0.9955159,":thumbsup:, :clap:, :smile:, :blush:, :raised_hands:, :heart:, :yellow_heart:, :relaxed:, :blue_heart:, :purple_heart:"
244,sir you are really good at explaining! thanks.,pos,0.99350375,":thumbsup:, :smile:, :cry:, :blush:, :wink:, :confused:, :grimacing:, :disappointed:, :stuck_out_tongue_winking_eye:, :persevere:"
